试剂耗材统计表,,,,,,,,,,,,,,,,,,,,,,,,,,,
试剂/耗材名称,品牌,规格,采购时间,有效期,单价,存放位置,库存总量,,,,,,,,,,,,,,,,,,,,
,,,,,,,,,,,,,,,,,,,,,,,,,,,
五氧化二磷,麦克林,500g/瓶,,,,北205药品柜,1,,,,,,,,,,,,,,,,,,,,
乙酸锌，二水化合物,麦克林,500g/瓶,,,,北205药品柜,1,,,,,,,,,,,,,,,,,,,,
L-赖氨酸,麦克林,100g/瓶,,,,北205,1,,,,,,,,,,,,,,,,,,,,
盐酸硫胺,麦克林,100g/瓶,,,,202-4度,1,,,,,,,,,,,,,,,,,,,,
硼酸,麦克林,500g/瓶,,,,北205药品柜,2,,,,,,,,,,,,,,,,,,,,
D木糖,麦克林,100g/瓶,,,,北205药品柜,1,,,,,,,,,,,,,,,,,,,,
柱层层析硅胶100-200目,麦克林,250g/瓶,,,,北205药品柜,1,,,,,,,,,,,,,,,,,,,,
氯化钠,麦克林,500g/瓶,,,,北205药品柜,1,,,,,,,,,,,,,,,,,,,,
D无水葡萄糖,麦克林,500g/瓶,,,,北205药品柜,1,,,,,,,,,,,,,,,,,,,,
酚酞指示剂,麦克林,100ml/瓶,,,,北205药品柜,1,,,,,,,,,,,,,,,,,,,,
甘油三丁酸酯,源叶,5ml/瓶,,,,北205药品柜,1,,,,,,,,,,,,,,,,,,,,
tris-hcl缓冲液,源叶,100ml/瓶,,2025/10/11,,北205药品柜,1,,,,,,,,,,,,,,,,,,,,
氢氧化钠滴定溶液标准物质,伟业,500ml/瓶,,,,北205药品柜,1,,,,,,,,,,,,,,,,,,,,
果糖,麦克林,25g/瓶,,,,北205药品柜,1,,,,,,,,,,,,,,,,,,,,
烟酰胺标准品,阿拉丁,1g/瓶,,,,北205药品柜,1,,,,,,,,,,,,,,,,,,,,
烟酸标准品,阿拉丁,1g/瓶,,,,北205药品柜,1,,,,,,,,,,,,,,,,,,,,
2-氯苯丙氨酸,麦克林,1g/瓶,,,,北205药品柜,1,,,,,,,,,,,,,,,,,,,,
vitaminB2,lgc,100mg/瓶,,,,北205药品柜,1,,,,,,,,,,,,,,,,,,,,
1-庚烷磺酸钠离子对色谱级,麦克林,5g/瓶,,,,北205药品柜,1,,,,,,,,,,,,,,,,,,,,
维生素B1盐酸盐标准品,l g c,250mg/瓶,,,,北205药品柜,1,,,,,,,,,,,,,,,,,,,,
L-谷氨酸,麦克林,100g/瓶,,,,北205药品柜,1,,,,,,,,,,,,,,,,,,,,
正庚烷,麦克林,500ml/瓶,,,,北205药品柜,1,,,,,,,,,,,,,,,,,,,,
正庚烷,源叶,500ml/瓶,,,,北205药品柜,1,,,,,,,,,,,,,,,,,,,,
乙二醛溶液,麦克林,500ml/瓶,,,,北205药品柜,1,,,,,,,,,,,,,,,,,,,,
食用油酸价速测试剂盒,浩普尔,一盒,,2025/9/18,,北205药品柜,1,,,,,,,,,,,,,,,,,,,,
甲酸,麦克林,100ml/瓶,,,,北205药品柜,1,,,,,,,,,,,,,,,,,,,,
正己烷,富宇试剂,500ml/瓶,,,,北205药品柜,14,,,,,,,,,,,,,,,,,,,,
碳酸钠无水,麦克林,500g/瓶,,,,北205药品柜,1,,,,,,,,,,,,,,,,,,,,
L-半胱氨酸,麦克林,25g/瓶,,,,北205药品柜,1,,,,,,,,,,,,,,,,,,,,
牛胆汁,sigma,25g/瓶,,,,北205药品柜,1,,,,,,,,,,,,,,,,,,,,
乙腈,沪试,500ml/瓶,,,,北205药品柜,1,,,,,,,,,,,,,,,,,,,,
育亨宾,麦克林,10mg/瓶,,,,北205药品柜,1,,,,,,,,,,,,,,,,,,,,
乙酸铵,罗恩,50g/瓶,,,,北205药品柜,1,,,,,,,,,,,,,,,,,,,,
氢氧化钠,mreda,500g/瓶,,,,北205药品柜,8,,,,,,,,,,,,,,,,,,,,
蔗糖,北京试剂,500g/瓶,,,,北205药品柜,1,,,,,,,,,,,,,,,,,,,,
甲醛溶液,麦克林,500ml/瓶,,,,北205药品柜,1,,,,,,,,,,,,,,,,,,,,
吡啶,源叶,100ml/瓶,,,,北205药品柜,1,,,,,,,,,,,,,,,,,,,,
硫氰基亚铁（Ⅱ）酸钾,,100g/瓶,,,,北205药品柜,1,,,,,,,,,,,,,,,,,,,,
硝酸银滴定溶液标准物质,伟业,500ml/瓶,,,,北205药品柜,1,,,,,,,,,,,,,,,,,,,,
铬酸钾,麦克林,500g/瓶,,,,北205药品柜,1,,,,,,,,,,,,,,,,,,,,
磷酸,麦克林,500ml/瓶,,,,北205药品柜,1,,,,,,,,,,,,,,,,,,,,
百里酚酞指示剂,麦克林,100ml/瓶,,,,北205药品柜,1,,,,,,,,,,,,,,,,,,,,
乙硫氰酸笨酯,麦克林,25ml/瓶,,,,202-4度,1,,,,,,,,,,,,,,,,,,,,
异硫氰酸笨酯,罗恩,25ml/瓶,,2023.10.10启,,202-4度,1,,,,,,,,,,,,,,,,,,,,
L谷氨酸,麦克林,100g/瓶,,,,北205药品柜,1,,,,,,,,,,,,,,,,,,,,
邻氨基苯酚,阿拉丁,100g/瓶,,,,北205药品柜,1,,,,,,,,,,,,,,,,,,,,
四氢呋喃,源叶,100ml/瓶,,,,北205药品柜,1,,,,,,,,,,,,,,,,,,,,
异丙醇,mreda,500ml/瓶,,,,北205药品柜,3,,,,,,,,,,,,,,,,,,,,
乙醇,mreda,500ml/瓶,,,,北205药品柜,2,,,,,,,,,,,,,,,,,,,,
无水乙醇,北京试剂,500ml/瓶,,,,北205药品柜,1,,,,,,,,,,,,,,,,,,,,
甲醇,麦克林,500ml/瓶,,,,北205药品柜,1,,,,,,,,,,,,,,,,,,,,
正己烷,富宇,500ml/瓶,,,,北205药品柜,1,,,,,,,,,,,,,,,,,,,,
37种脂肪酸甲酯混标,上海安谱,25mg/瓶,,,,北202冰箱冷冻,2,,,,,,,,,,,,,,,,,,,,
乙酸,,100mg/ml,,,,北202冰箱冷冻,1,,,,,,,,,,,,,,,,,,,,
丙酸,,100mg/ml,,,,北202冰箱冷冻,1,,,,,,,,,,,,,,,,,,,,
丁酸,,100mg/ml,,,,北202冰箱冷冻,1,,,,,,,,,,,,,,,,,,,,
6Xprotein lodging buffer,北京全式生物,1ml/瓶,,,,北202冰箱冷冻,1,,,,,,,,,,,,,,,,,,,,
2-甲基3-庚酮,,250mg/瓶,,,,北202冰箱冷冻,1,,,,,,,,,,,,,,,,,,,,
BCA蛋白标准液,南京建成,524ug/ml,,,,北202冰箱冷冻,3,,,,,,,,,,,,,,,,,,,,
鸟苷酸,坛墨质检,100mg/瓶,,,,北202冰箱冷冻,1,,,,,,,,,,,,,,,,,,,,
尿苷酸,上海源叶,20mg/瓶,,,,北202冰箱冷冻,1,,,,,,,,,,,,,,,,,,,,
carbon mini-columns,cape technology,,,,,北202冰箱冷冻,1,,,,,,,,,,,,,,,,,,,,
DTT,amresco,5g/瓶,,,,北202冰箱冷冻,1,,,,,,,,,,,,,,,,,,,,
腺苷5-三氢二钠盐酸盐,sigma,1g/瓶,,,,北202冰箱冷冻,1,,,,,,,,,,,,,,,,,,,,
甲酯分析标准品,sigma,250mg/瓶,,,,北202冰箱冷冻,1,,,,,,,,,,,,,,,,,,,,
L-精氨酸,国药,100g/瓶,,,,北202冰箱冷冻,1,,,,,,,,,,,,,,,,,,,,
4-溴苯硼酸,sigma,5g/瓶,,,,北202冰箱冷冻,1,,,,,,,,,,,,,,,,,,,,
TAME,sigma,5g/瓶,,,,北202冰箱冷冻,1,,,,,,,,,,,,,,,,,,,,
胰蛋白酶,sigma,1g/瓶,,,,北202冰箱冷冻,1,,,,,,,,,,,,,,,,,,,,
胰酶,sigma,5g/瓶,,,,北202冰箱冷冻,1,,,,,,,,,,,,,,,,,,,,
胃酶,sigma,1g/瓶,,,,北202冰箱冷冻,1,,,,,,,,,,,,,,,,,,,,
甘油三油酸酯,上海源叶,100ml/瓶,,,,北202冰箱冷冻,1,,,,,,,,,,,,,,,,,,,,
3硬脂酸甘油酯,上海源叶,25g/瓶,,,,北202冰箱冷冻,1,,,,,,,,,,,,,,,,,,,,
3棕榈树甘油酯,上海源叶,1g/瓶,,,,北202冰箱冷冻,1,,,,,,,,,,,,,,,,,,,,
邻苯二甲醛,索莱宝,10g/瓶,,,,北202冰箱冷冻,1,,,,,,,,,,,,,,,,,,,,
牛磺脱氧胆酸,sigma,1g/瓶,,,,北202冰箱冷冻,1,,,,,,,,,,,,,,,,,,,,
蛋白酶抑制剂,索莱宝,5mg/袋,,,,北202冰箱冷冻,1,,,,,,,,,,,,,,,,,,,,
胰腺a蛋白酶,sigma,25g/瓶,,,,北202冰箱冷冻,1,,,,,,,,,,,,,,,,,,,,
甲硫氨酸,国药,,,,,北202冰箱冷冻,1,,,,,,,,,,,,,,,,,,,,
碱性磷酸酶,sigma,1g/瓶,,,,北202冰箱冷冻,1,,,,,,,,,,,,,,,,,,,,
pancreatin鼠尾消化液模拟液,晓东宜健,50ml,,,,北202冰箱冷冻,1,,,,,,,,,,,,,,,,,,,,
石胆酸,sigma,25g,,,,北202冰箱冷冻,1,,,,,,,,,,,,,,,,,,,,
猪去氧胆酸,sigma,5g,,,,北202冰箱冷冻,1,,,,,,,,,,,,,,,,,,,,
胆酸,sigma,25g,,,,北202冰箱冷冻,1,,,,,,,,,,,,,,,,,,,,
甘氨鹅脱氧胆酸钠,sigma,25mg,,,,北202冰箱冷冻,1,,,,,,,,,,,,,,,,,,,,
"
牛磺石胆酸钠",sigma,25mg,,,,北202冰箱冷冻,1,,,,,,,,,,,,,,,,,,,,
11碳酸3甘油酯,上海源叶,100mg,,,,北202冰箱冷冻,1,,,,,,,,,,,,,,,,,,,,
脱氧胆酸,sigma,10g,,,,北202冰箱冷冻,1,,,,,,,,,,,,,,,,,,,,
水和牛磺胆酸钠,sigma,250mg,,,,北202冰箱冷冻,1,,,,,,,,,,,,,,,,,,,,
熊去氧胆酸,sigma,1g,,,,北202冰箱冷冻,1,,,,,,,,,,,,,,,,,,,,
牛磺胆酸钠水合物,sigma,1g,,,,北202冰箱冷冻,1,,,,,,,,,,,,,,,,,,,,
鹅脱氧胆酸钠,sigma,100mg,,,,北202冰箱冷冻,1,,,,,,,,,,,,,,,,,,,,
糖化去羟胆酸,sigma,1g,,,,北202冰箱冷冻,1,,,,,,,,,,,,,,,,,,,,
合成甘氨胆酸水合物,sigma,100mg,,,,北202冰箱冷冻,1,,,,,,,,,,,,,,,,,,,,
牛磺熊去氧胆酸,sigma,500mg,,,,北202冰箱冷冻,1,,,,,,,,,,,,,,,,,,,,
甘氨脱氧胆酸钠,sigma,250mg,,,,北202冰箱冷冻,1,,,,,,,,,,,,,,,,,,,,
鹅去氧胆酸,sigma,100mg,,,,北202冰箱冷冻,1,,,,,,,,,,,,,,,,,,,,
牛磺猪胆酸钠,,10g,,,,北202冰箱冷冻,1,,,,,,,,,,,,,,,,,,,,
牛磺b胆酸,avantl,1mg,,,,北202冰箱冷冻,4,,,,,,,,,,,,,,,,,,,,
ripa组织细胞裂解液,coolaber,100ml,,,,北202冰箱冷冻,2,,,,,,,,,,,,,,,,,,,,
1-棕榈酸单甘油酯,上海源叶,100mg,,,,北202冰箱冷冻,1,,,,,,,,,,,,,,,,,,,,
peg,,,,,,北202冰箱冷冻,1,,,,,,,,,,,,,,,,,,,,
二十烷酸甲酯,accu,100mg,,,,北202冰箱冷冻,3,,,,,,,,,,,,,,,,,,,,
L苏氨酸,国药,25g,,,,北202冰箱冷冻,1,,,,,,,,,,,,,,,,,,,,
脯氨酸,国药,10g,,,,北202冰箱冷冻,1,,,,,,,,,,,,,,,,,,,,
0.25％胰蛋白酶EDTA,gibco,500ml,,,,北202冰箱冷冻,1,,,,,,,,,,,,,,,,,,,,
笔状链球菌,gibco,100ml,,,,北202冰箱冷冻,1,,,,,,,,,,,,,,,,,,,,
肌红蛋白,索莱宝,100mg,,,,北202冰箱冷冻,1,,,,,,,,,,,,,,,,,,,,
花生酸甲酯标品,安谱,100mg,,,,北202冰箱冷冻,1,,,,,,,,,,,,,,,,,,,,
山嵛酸甲酯,安谱,100mg,,,,北202冰箱冷冻,1,,,,,,,,,,,,,,,,,,,,
棕榈酸甲酯,安谱,100mg,,,,北202冰箱冷冻,1,,,,,,,,,,,,,,,,,,,,
硬脂酸甲酯,安谱,100mg,,,,北202冰箱冷冻,1,,,,,,,,,,,,,,,,,,,,
己烯雌酚,CATO,250mg,,,,北202冰箱冷冻,1,,,,,,,,,,,,,,,,,,,,
L色氨酸,国药,25g,,,,北202冰箱冷冻,1,,,,,,,,,,,,,,,,,,,,
DL丙氨酸,国药,25g,,,,北202冰箱冷冻,1,,,,,,,,,,,,,,,,,,,,
16种多环芳烃混标,安谱,1ml,,,,北202冰箱冷冻,1,,,,,,,,,,,,,,,,,,,,
无水亚硫酸钠,麦克林,500g,,,,北202药品柜-5层,1,,,,,,,,,,,,,,,,,,,,
磷酸二氢钾,麦克林,500g,,,,北202药品柜-5层,3,,,,,,,,,,,,,,,,,,,,
硫代硫酸钠,麦克林,500g,,,,北202药品柜-5层,1,,,,,,,,,,,,,,,,,,,,
磷酸氢二铵,麦克林,100g,,,,北202药品柜-5层,1,,,,,,,,,,,,,,,,,,,,
焦亚硫酸钠,麦克林,100g,,,,北202药品柜-5层,1,,,,,,,,,,,,,,,,,,,,
无水磷酸氢二钠,麦克林,25g,,,,北202药品柜-5层,1,,,,,,,,,,,,,,,,,,,,
碘化钾,麦克林,25g,,,,北202药品柜-5层,2,,,,,,,,,,,,,,,,,,,,
硫酸铵,麦克林,500g,,,,北202药品柜-5层,1,,,,,,,,,,,,,,,,,,,,
硫酸钠,麦克林,1000g,,,,北202药品柜-5层,1,,,,,,,,,,,,,,,,,,,,
碳酸氢钠,麦克林,1000g,,,,北202药品柜-5层,1,,,,,,,,,,,,,,,,,,,,
钠石灰,麦克林,1000g,,,,北202药品柜-5层,2,,,,,,,,,,,,,,,,,,,,
亚硝酸钠,麦克林,500g,,,,北202药品柜-5层,1,,,,,,,,,,,,,,,,,,,,
无水碳酸钠,麦克林,500g,,,,北202药品柜-5层,1,,,,,,,,,,,,,,,,,,,,
氯化钾,麦克林,500g,,,,北202药品柜-5层,1,,,,,,,,,,,,,,,,,,,,
磷酸氢二钠无水,麦克林,500g,,,,北202药品柜-5层,1,,,,,,,,,,,,,,,,,,,,
无水硫酸氢钠,麦克林,250g,,,,北202药品柜-5层,1,,,,,,,,,,,,,,,,,,,,
氢氧化钾,麦克林,500g,,,,北202药品柜-5层,1,,,,,,,,,,,,,,,,,,,,
氢氧化钾,MREDA,500g,,,,北202药品柜-5层,1,,,,,,,,,,,,,,,,,,,,
二水磷酸二氢纳,安谱,500g,,,,北202药品柜-5层,1,,,,,,,,,,,,,,,,,,,,
磷酸二氢铵-HPLC,FLUKA,250g,,,,北202药品柜-5层,1,,,,,,,,,,,,,,,,,,,,
磷酸氢二钾,国药,500g,,,,北202药品柜-5层,1,,,,,,,,,,,,,,,,,,,,
无水硫酸镁,国药,500g,,,,北202药品柜-5层,1,,,,,,,,,,,,,,,,,,,,
硼酸,伊诺凯,500g,,,,北202药品柜-5层,1,,,,,,,,,,,,,,,,,,,,
四硼酸钾-色谱级,源叶,500g,,,,北202药品柜-5层,1,,,,,,,,,,,,,,,,,,,,
无水硫酸钠,罗恩,500g,,,,北202药品柜-5层,1,,,,,,,,,,,,,,,,,,,,
磷酸二氢钾,阿拉丁,100g,,,,北202药品柜-5层,1,,,,,,,,,,,,,,,,,,,,
磷酸氢二钾,阿拉丁,100g,,,,北202药品柜-5层,1,,,,,,,,,,,,,,,,,,,,
氯胺,索莱宝,500g,,,,北202药品柜-4层,1,,,,,,,,,,,,,,,,,,,,
甲酸铵,霍尼韦尔,50g,,,,北202药品柜-4层,1,,,,,,,,,,,,,,,,,,,,
四丁基硫酸氢铵,CNW,25g,,,,北202药品柜-4层,1,,,,,,,,,,,,,,,,,,,,
无水柠檬酸钠,伊诺凯,100g,,,,北202药品柜-4层,2,,,,,,,,,,,,,,,,,,,,
对二甲氨基苯甲醛,麦克林,100g,,,,北202药品柜-4层,1,,,,,,,,,,,,,,,,,,,,
三羟甲基氨基甲烷,麦克林,100g,,,,北202药品柜-4层,1,,,,,,,,,,,,,,,,,,,,
四丁基硫酸氢铵,麦克林,100g,,,,北202药品柜-4层,1,,,,,,,,,,,,,,,,,,,,
L-天冬氨酸钾,麦克林,25g,,,,北202药品柜-4层,1,,,,,,,,,,,,,,,,,,,,
2，2-偶氮二（2-甲基丙基咪）二盐酸盐,麦克林,5g,,,,北202药品柜-4层,1,,,,,,,,,,,,,,,,,,,,
没食子酸,麦克林,100g,,,,北202药品柜-4层,1,,,,,,,,,,,,,,,,,,,,
5-磺基水杨酸，二水合物,麦克林,100g,,,,北202药品柜-4层,1,,,,,,,,,,,,,,,,,,,,
无水乙酸钠,麦克林,500g,,,,北202药品柜-4层,3,,,,,,,,,,,,,,,,,,,,
乙酸钠三水合物,麦克林,500g,,,,北202药品柜-4层,1,,,,,,,,,,,,,,,,,,,,
酒石酸钾钠四水合物,麦克林,500g,,,,北202药品柜-4层,1,,,,,,,,,,,,,,,,,,,,
柠檬酸三钠盐,麦克林,500g,,,,北202药品柜-4层,2,,,,,,,,,,,,,,,,,,,,
2，6二叔丁基对甲酚,麦克林,100g,,,,北202药品柜-4层,1,,,,,,,,,,,,,,,,,,,,
乙二胺四乙酸二钠盐二水合物,CNW,500g,,,,北202药品柜-4层,2,,,,,,,,,,,,,,,,,,,,
苯甲酸,源叶,500g,,,,北202药品柜-4层,1,,,,,,,,,,,,,,,,,,,,
柠檬酸二纳盐,VETEC,100g,,,,北202药品柜-4层,1,,,,,,,,,,,,,,,,,,,,
司盘65,罗恩,500g,,,,北202药品柜-4层,1,,,,,,,,,,,,,,,,,,,,
EDTA，Free acid,索莱宝,500g,,,,北202药品柜-4层,1,,,,,,,,,,,,,,,,,,,,
4-叔丁基茴香醚,源叶,25g,,,,北202药品柜-4层,1,,,,,,,,,,,,,,,,,,,,
Casein,索莱宝,100g,,,,北202药品柜-4层,1,,,,,,,,,,,,,,,,,,,,
磷酸三甲酯,毕得,25g,,,,北202药品柜-4层,1,,,,,,,,,,,,,,,,,,,,
乙二胺四乙酸二钠盐二水合物,索莱宝,100g,,,,北202药品柜-4层,1,,,,,,,,,,,,,,,,,,,,
菲罗嗪,麦克林,1g,,,,北202药品柜-4层,1,,,,,,,,,,,,,,,,,,,,
1，2，4-丁酸醇/BT,源叶,5g,,,,北202药品柜-4层,1,,,,,,,,,,,,,,,,,,,,
氯化锰四水合物,麦克林,500g,,,,北202药品柜-3层,1,,,,,,,,,,,,,,,,,,,,
氯化锰无水,麦克林,500g,,,,北202药品柜-3层,1,,,,,,,,,,,,,,,,,,,,
硫氰酸铵,麦克林,100g,,,,北202药品柜-3层,1,,,,,,,,,,,,,,,,,,,,
酚酞,麦克林,100g,,,,北202药品柜-3层,1,,,,,,,,,,,,,,,,,,,,
亚甲基蓝三水合物,麦克林,25g,,,,北202药品柜-3层,1,,,,,,,,,,,,,,,,,,,,
铁氰化钾,麦克林,100g,,,,北202药品柜-3层,1,,,,,,,,,,,,,,,,,,,,
氯化锰四水合物（99.9%）,麦克林,10g,,,,北202药品柜-3层,1,,,,,,,,,,,,,,,,,,,,
无水硫酸铜,麦克林,500g,,,,北202药品柜-3层,1,,,,,,,,,,,,,,,,,,,,
无水硫酸铜,麦克林,250g,,,,北202药品柜-3层,1,,,,,,,,,,,,,,,,,,,,
氯化钡,麦克林,25g,,,,北202药品柜-3层,1,,,,,,,,,,,,,,,,,,,,
碘,麦克林,100g,,,,北202药品柜-3层,1,,,,,,,,,,,,,,,,,,,,
甲基红,麦克林,25g,,,,北202药品柜-3层,1,,,,,,,,,,,,,,,,,,,,
L-抗坏血酸（99%）,麦克林,100g,,,,北202药品柜-3层,1,,,,,,,,,,,,,,,,,,,,
L-胱氨酸（99%）,麦克林,100g,,,,北202药品柜-3层,1,,,,,,,,,,,,,,,,,,,,
硫酸亚铁铵六水合物,麦克林,500g,,,,北202药品柜-3层,1,,,,,,,,,,,,,,,,,,,,
氧化镁,国药,500g,,,,北202药品柜-3层,1,,,,,,,,,,,,,,,,,,,,
氧化铝,国药,500g,,,,北202药品柜-3层,1,,,,,,,,,,,,,,,,,,,,
氧化铝,益力,500g,,,,北202药品柜-3层,1,,,,,,,,,,,,,,,,,,,,
L-酪氨酸,国药,25g,,,,北202药品柜-3层,1,,,,,,,,,,,,,,,,,,,,
考马斯亮蓝R-25,索莱宝,5g,,,,北202药品柜-3层,1,,,,,,,,,,,,,,,,,,,,
溴甲酚绿,国药,10g,,,,北202药品柜-3层,1,,,,,,,,,,,,,,,,,,,,
考马斯亮蓝G-250,索莱宝,5g,,,,北202药品柜-3层,1,,,,,,,,,,,,,,,,,,,,
L-羟基脯氨酸分析对照品,麦克林,20mg,,,,北202药品柜-3层,1,,,,,,,,,,,,,,,,,,,,
L-Serine（99%HPLC）,麦克林,1g,,,,北202药品柜-3层,1,,,,,,,,,,,,,,,,,,,,
邻苯三酚,索莱宝,100g,,,,北202药品柜-4层,1,,,,,,,,,,,,,,,,,,,,
十二烷基硫酸钠SDS,索莱宝,100g,,,,北202药品柜-4层,1,,,,,,,,,,,,,,,,,,,,
三氟乙酸99%HPLC,FISHERCHEMICAL,100ml,,,,北202药品柜-4层,1,,,,,,,,,,,,,,,,,,,,
单硬脂酸甘油酯亲油性99%,阿拉丁,100g,,,,北202药品柜-4层,1,,,,,,,,,,,,,,,,,,,,
2-硫代巴比妥酸,麦克林,100g,,,,北202药品柜-4层,1,,,,,,,,,,,,,,,,,,,,
氯化钙二水合物,麦克林,500g,,,,北202药品柜-2层,1,,,,,,,,,,,,,,,,,,,,
氯化镁六水合物,麦克林,500g,,,,北202药品柜-2层,1,,,,,,,,,,,,,,,,,,,,
变色硅胶,裕宝,500g,,,,北202药品柜-2层,1,,,,,,,,,,,,,,,,,,,,
碳酸铵,麦克林,500g,,,,北202药品柜-2层,1,,,,,,,,,,,,,,,,,,,,
磷酸氢二钠无水,麦克林,500g,,,,北202药品柜-2层,1,,,,,,,,,,,,,,,,,,,,
四硼酸钠十水,阿拉丁,500g,,,,北202药品柜-2层,1,,,,,,,,,,,,,,,,,,,,
碳酸氢钠,罗恩,500g,,,,北202药品柜-2层,1,,,,,,,,,,,,,,,,,,,,
氯化钠,益力,500g,,,,北202药品柜-2层,1,,,,,,,,,,,,,,,,,,,,
C18反向硅胶,伊诺凯,100g,,,,北202药品柜-2层,2,,,,,,,,,,,,,,,,,,,,
绿色碳化硅,国药,100g,,,,北202药品柜-2层,1,,,,,,,,,,,,,,,,,,,,
氧化镁,麦克林,500g,,,,北202药品柜-3层,1,,,,,,,,,,,,,,,,,,,,
乳糖,coolaber,250g,,,,北202药品柜-2层,1,,,,,,,,,,,,,,,,,,,,
蔗糖,麦克林,500g,,,,北202药品柜-2层,1,,,,,,,,,,,,,,,,,,,,
可溶淀粉,生工,500g,,,,北202药品柜-2层,1,,,,,,,,,,,,,,,,,,,,
氢溴酸,ACROS,500ml,,,,北202药品柜-1层,1,,,,,,,,,,,,,,,,,,,,
二甲苯,麦克林,500ml,,,,北202药品柜-1层,1,,,,,,,,,,,,,,,,,,,,
三乙胺,麦克林,500ml,,,,北202药品柜-1层,1,,,,,,,,,,,,,,,,,,,,
福林酚,麦克林,100ml,,,,北202药品柜-1层,1,,,,,,,,,,,,,,,,,,,,
吡啶,源叶,100ml,,,,北202药品柜-1层,1,,,,,,,,,,,,,,,,,,,,
五酶无菌水,索莱宝,500ml,,,,北202药品柜-1层,1,,,,,,,,,,,,,,,,,,,,
福林酚,源叶,500ml,,,,北202药品柜-1层,1,,,,,,,,,,,,,,,,,,,,
苯酚,伊诺凯,500ml,,,,北202药品柜-1层,1,,,,,,,,,,,,,,,,,,,,
重铬酸钾标准溶液,GENERAL-REAGENT,500ml,,,,北202药品柜-1层,1,,,,,,,,,,,,,,,,,,,,
Tween-20,coolaber,100ml,,,,北202药品柜-1层,1,,,,,,,,,,,,,,,,,,,,
Tris-EDTA缓冲液,北京博奥拓达,500ml,,,,北202药品柜-1层,1,,,,,,,,,,,,,,,,,,,,
甘油,麦克林,500ml,,,,北202药品柜-1层,1,,,,,,,,,,,,,,,,,,,,
铝制钳口瓶盖,,,,,,仓库,700,,,,,,,,,,,,,,,,,,,,
自封袋,苹果,4号,,,,仓库,100,,,,,,,,,,,,,,,,,,,,
自封袋,苹果,7号,,,,仓库,300,,,,,,,,,,,,,,,,,,,,
自封袋,苹果,9号,,,,仓库,700,,,,,,,,,,,,,,,,,,,,
无水乙酸钠,macklin,500g,,,,仓库,5,,,,,,,,,,,,,,,,,,,,
乳胶手套,麦迪康,L,,,,仓库,100×9盒,,,,,,,,,,,,,,,,,,,,
气体收集袋,,,,,,仓库,50,,,,,,,,,,,,,,,,,,,,
酶标板,nest,100/箱,,,,仓库,两箱,,,,,,,,,,,,,,,,,,,,
注射器,治宇,1ml,,,,仓库,200,,,,,,,,,,,,,,,,,,,,
离心管,那样紫,100ml,,,,仓库,30×6袋,,,,,,,,,,,,,,,,,,,,
离心管,nest,50ml,,,,仓库,25×18袋,,,,,,,,,,,,,,,,,,,,
离心管,nest,15ml,,,,仓库,50×9袋,,,,,,,,,,,,,,,,,,,,
容量瓶,,250ml,,,,仓库,12,,,,,,,,,,,,,,,,,,,,
枪头,axygen,10微升,,,,仓库,1000×5袋,,,,,,,,,,,,,,,,,,,,
枪头,biosharp,10ml,,,,仓库,100×11袋,,,,,,,,,,,,,,,,,,,,
枪头,axygen,200微升,,,,仓库,1000×3袋,,,,,,,,,,,,,,,,,,,,
枪头,axygen,1ml,,,,仓库,1000×3袋,,,,,,,,,,,,,,,,,,,,
枪头,servicebio,1ml,,,,仓库,500×9袋,,,,,,,,,,,,,,,,,,,,
枪头,biosharp,5ml,,,,仓库,50×12袋,,,,,,,,,,,,,,,,,,,,
尖底离心管,axygen,1.5ml,,,,仓库,8盒,,,,,,,,,,,,,,,,,,,,
圆底离心管,biosharp,10ml,,,,仓库,100×21袋,,,,,,,,,,,,,,,,,,,,
试管塞,,,,,,仓库,1袋,,,,,,,,,,,,,,,,,,,,
小试管,,,,,,仓库,1盒,,,,,,,,,,,,,,,,,,,,
固相萃取柱,,,,,,仓库,一堆,,,,,,,,,,,,,,,,,,,,
真空泵油,leybonol,5L,,,,仓库,2,,,,,,,,,,,,,,,,,,,,
迷你掌中宝离心机,Kylin-Bell,,,,,仓库,1,,,,,,,,,,,,,,,,,,,,
尼龙滤膜,津腾,13mm,,,,仓库,116,,,,,,,,,,,,,,,,,,,,
聚醚砜滤膜,津腾,13mm,,,,仓库,63,,,,,,,,,,,,,,,,,,,,
聚醚砜滤膜,津腾,25mm,,,,仓库,40,,,,,,,,,,,,,,,,,,,,
口罩,,,,,,仓库,50×7盒,,,,,,,,,,,,,,,,,,,,
异丙醇,Mreda,500ml,,,,仓库,16,,,,,,,,,,,,,,,,,,,,
乙醇,Mreda,500ml,,,,仓库,13,,,,,,,,,,,,,,,,,,,,
乙酸乙酯,J.T.Baker,4L,,,,仓库,4,,,,,,,,,,,,,,,,,,,,
环己烷,霍尼韦尔,4L,,,,仓库,12,,,,,,,,,,,,,,,,,,,,
南孚电池7号,,,,,,中401,2盒,,,,,,,,,,,,,,,,,,,,
南孚电池5号,,,,,,中401,3盒,,,,,,,,,,,,,,,,,,,,
标签纸,,,,,,中401,5包,,,,,,,,,,,,,,,,,,,,
便利贴,,,,,,中401,1包,,,,,,,,,,,,,,,,,,,,
笔记本,,,,,,中401,若干,,,,,,,,,,,,,,,,,,,,
免洗消毒凝胶,,,,,,中401,2瓶,,,,,,,,,,,,,,,,,,,,
黑色垃圾袋（大）,,,,,,中401,1把,,,,,,,,,,,,,,,,,,,,
安捷伦 进样瓶,,,,,,中401,1盒,,,,,,,,,,,,,,,,,,,,
铅笔,,,,,,中401,1筒,,,,,,,,,,,,,,,,,,,,
鱼尾夹（大）,,,,,,中401,2盒,,,,,,,,,,,,,,,,,,,,
液体胶,,,,,,中401,4瓶,,,,,,,,,,,,,,,,,,,,
固体胶,,,,,,中401,1个,,,,,,,,,,,,,,,,,,,,
皓丽附件盒,,,,,,中401,,,,,,,,,,,,,,,,,,,,,
档案袋（纸质、塑料）,,,,,,中401,若干,,,,,,,,,,,,,,,,,,,,
杀蟑饵剂,,,,,,中401,1盒,,,,,,,,,,,,,,,,,,,,
eppendprf移液器1-10ml,,,,,,中401,1支,,,,,,,,,,,,,,,,,,,,
马克笔,,,,,,中401,4支,,,,,,,,,,,,,,,,,,,,
中性笔,,,,,,中401,4盒黑色+2盒红色+3支蓝色,,,,,,,,,,,,,,,,,,,,
胶带（小）,,,,,,中401,4个,,,,,,,,,,,,,,,,,,,,
光盘,,,,,,中401,3盒,,,,,,,,,,,,,,,,,,,,
订书钉,,,,,,中401,3盒,,,,,,,,,,,,,,,,,,,,
回形针,,,,,,中401,24盒,,,,,,,,,,,,,,,,,,,,
墨盒,,,,,,中401,4个,,,,,,,,,,,,,,,,,,,,
进样针（1ml）,,,,,,中401,1个,,,,,,,,,,,,,,,,,,,,
石油醚,mreda,500ml/瓶,,,,北206,13,,,,,,,,,,,,,,,,,,,,
肉桂酸甲酯,百灵威,100g,,,,北202冰箱冷冻,1,,,,,,,,,,,,,,,,,,,,
四甲基苯甲醚,百灵威,25g,,,,北202冰箱冷冻,1,,,,,,,,,,,,,,,,,,,,
呋喃西林,sigma,2ml,,,,北202冰箱冷冻,1,,,,,,,,,,,,,,,,,,,,
TBSblotto A,chem cruz,500ml,,,,北202冰箱冷冻,1,,,,,,,,,,,,,,,,,,,,
乙基香兰素,百灵威,5g,,,,北202冰箱冷冻,1,,,,,,,,,,,,,,,,,,,,
硫酸链霉素,,10g,,,,北202冰箱冷冻,1,,,,,,,,,,,,,,,,,,,,
γ戊基丁内酯,TCI,25ml,,,,北202冰箱冷冻,1,,,,,,,,,,,,,,,,,,,,
吗呤胍,sigma,1g,,,,北202冰箱冷冻,1,,,,,,,,,,,,,,,,,,,,
1溴金刚烷,sigma,25g,,,,北202冰箱冷冻,1,,,,,,,,,,,,,,,,,,,,
γ十一内酯,sigma,,,,,北202冰箱冷冻,1,,,,,,,,,,,,,,,,,,,,
香草醛,百灵威,25g,,,,北202冰箱冷冻,1,,,,,,,,,,,,,,,,,,,,
D-果糖1，6-二磷酸三钠水合物,sigma,1g,,,,北202冰箱冷冻,1,,,,,,,,,,,,,,,,,,,,
"b -烟酰胺腺嘌呤二核苷酸磷酸
",sigma,100mg,,,,北202冰箱冷冻,1,,,,,,,,,,,,,,,,,,,,
4氯1萘酚,amresco,25g,,,,北202冰箱冷冻,1,,,,,,,,,,,,,,,,,,,,
1金刚胺,sigma,5g,,,,北202冰箱冷冻,1,,,,,,,,,,,,,,,,,,,,
5单磷钠盐,TCI,5g,,,,北202冰箱冷冻,1,,,,,,,,,,,,,,,,,,,,
cefap in sodium,sigma,10mg,,,,北202冰箱冷冻,1,,,,,,,,,,,,,,,,,,,,
roxithromycin,TRC,10g,,,,北202冰箱冷冻,1,,,,,,,,,,,,,,,,,,,,
ceftriaxone disodium,sigma,250mg,,,,北202冰箱冷冻,1,,,,,,,,,,,,,,,,,,,,
dichloroacetaldehyde hydrate,,10mg,,,,北202冰箱冷冻,1,,,,,,,,,,,,,,,,,,,,
phospho(enol)pyruvic acid,sigma,100mg,,,,北202冰箱冷冻,1,,,,,,,,,,,,,,,,,,,,
5`-diphosphate,sigma,1g,,,,北202冰箱冷冻,2,,,,,,,,,,,,,,,,,,,,
5`-monophosphate,TRC,5mg,,,,北202冰箱冷冻,1,,,,,,,,,,,,,,,,,,,,
噻孢霉素,上海源叶,200mg,,,,北202冰箱冷冻,2,,,,,,,,,,,,,,,,,,,,
3-desacetyl cefotaxime,TRC,25mg,,,,北202冰箱冷冻,1,,,,,,,,,,,,,,,,,,,,
亚蹄酸钾,麦克林,5g,,,,北202冰箱冷冻,1,,,,,,,,,,,,,,,,,,,,
脱氧胆酸钠,麦克林,5g,,,,北202冰箱冷冻,1,,,,,,,,,,,,,,,,,,,,
头孢克肟,麦克林,1g,,,,北202冰箱冷冻,1,,,,,,,,,,,,,,,,,,,,
硫酸亚铁,麦克林,100g,,,,北202冰箱冷冻,1,,,,,,,,,,,,,,,,,,,,
1-adamantylamine,sigma,5g,,,,北202冰箱冷冻,1,,,,,,,,,,,,,,,,,,,,
L-蛋氨酸砜,坛墨质检,100mg,,,,北202冰箱冷冻,1,,,,,,,,,,,,,,,,,,,,
L-半胱氨酸,坛墨质检,100mg,,,,北202冰箱冷冻,2,,,,,,,,,,,,,,,,,,,,
磺胺二甲嘧啶,坛墨质检,100mg,,,,北202冰箱冷冻,1,,,,,,,,,,,,,,,,,,,,
氯羟吡啶,坛墨质检,100mg,,,,北202冰箱冷冻,1,,,,,,,,,,,,,,,,,,,,
反式己烯雌酚,坛墨质检,100mg,,,,北202冰箱冷冻,1,,,,,,,,,,,,,,,,,,,,
depc,sigma,10ml,,,,北202冰箱冷冻,1,,,,,,,,,,,,,,,,,,,,
nadp,amresco,1g,,,,北202冰箱冷冻,1,,,,,,,,,,,,,,,,,,,,
总抗氧化能力(T-aoc)试剂盒,南京建成,,,,,北202冰箱冷冻,1,,,,,,,,,,,,,,,,,,,,
40种农药混标,天津阿尔塔,1ml,,,,北202冰箱冷冻,1,,,,,,,,,,,,,,,,,,,,
青霉素链霉素溶液,corning,,,,,北202冰箱冷冻,1,,,,,,,,,,,,,,,,,,,,
毒死蜱,lgc,0.25g,,,,北202冰箱冷冻,1,,,,,,,,,,,,,,,,,,,,
DL蛋氨酸,lgc,100mg,,,,北202冰箱冷冻,1,,,,,,,,,,,,,,,,,,,,
乐果,lgc,0.1g,,,,北202冰箱冷冻,1,,,,,,,,,,,,,,,,,,,,
杀扑磷,lgc,,,,,北202冰箱冷冻,1,,,,,,,,,,,,,,,,,,,,
呋喃单,安刻,,,,,北202冰箱冷冻,1,,,,,,,,,,,,,,,,,,,,
敌敌畏,lgc,250mg,,,,北202冰箱冷冻,1,,,,,,,,,,,,,,,,,,,,
氯氰菊酯,lgc,100mg,,,,北202冰箱冷冻,1,,,,,,,,,,,,,,,,,,,,
定制混标58标准品,lgc,1ml,,,,北202冰箱冷冻,2,,,,,,,,,,,,,,,,,,,,
定制混标57标准品,lgc,1ml,,,,北202冰箱冷冻,1,,,,,,,,,,,,,,,,,,,,
哆啦菌素,lgc,0.1g,,,,北202冰箱冷冻,1,,,,,,,,,,,,,,,,,,,,
甲维菌素,,0.1g,,,,北202冰箱冷冻,1,,,,,,,,,,,,,,,,,,,,
胆固醇标准品,lgc,0.25g,,,,北202冰箱冷冻,1,,,,,,,,,,,,,,,,,,,,
红霉素,lgc,0.1g,,,,北202冰箱冷冻,1,,,,,,,,,,,,,,,,,,,,
酒石酸泰乐菌素,lgc,0.25g,,,,北202冰箱冷冻,1,,,,,,,,,,,,,,,,,,,,
罗红霉素,,125mg,,,,北202冰箱冷冻,1,,,,,,,,,,,,,,,,,,,,
克林霉素,sigma,50mg,,,,北202冰箱冷冻,1,,,,,,,,,,,,,,,,,,,,
3羟基百克威,lgc,10mg,,,,北202冰箱冷冻,1,,,,,,,,,,,,,,,,,,,,
利巴韦林,lgc,50mg,,,,北202冰箱冷冻,2,,,,,,,,,,,,,,,,,,,,
胆固醇,lgc,0.25g,,,,北202冰箱冷冻,2,,,,,,,,,,,,,,,,,,,,
HRP标记山羊抗兔LgG(H+L),碧云天,1ml,,,,北202冰箱冷冻,1,,,,,,,,,,,,,,,,,,,,
细胞凋亡检测试剂盒,碧云天,盒,,,,北202冰箱冷冻,1,,,,,,,,,,,,,,,,,,,,
SDS-page蛋白缓冲液,碧云天,15ml,,,,北202冰箱冷冻,1,,,,,,,,,,,,,,,,,,,,
牛血红蛋白,索莱宝,5g,,,,北202冰箱冷冻,2,,,,,,,,,,,,,,,,,,,,
牛血清蛋白,上海源叶,100g,,,,北202冰箱冷冻,1,,,,,,,,,,,,,,,,,,,,
免疫染色一抗稀释液,碧云天,100ml,,,,北202冰箱冷冻,1,,,,,,,,,,,,,,,,,,,,
DTT,COOLABER,5g,,,,北202冰箱冷冻,1,,,,,,,,,,,,,,,,,,,,
L-异亮氨酸,上海安谱,200mg,,,,北202冰箱冷冻,1,,,,,,,,,,,,,,,,,,,,
过氧化氢测试盒,南京建成,48样/盒,,,,北202冰箱冷冻,1,,,,,,,,,,,,,,,,,,,,
免染page胶(10％),清河生命,盒,,,,北202冰箱冷冻,2,,,,,,,,,,,,,,,,,,,,
肉毒素检测试剂盒,碧云天,盒,,,,北202冰箱冷冻,1,,,,,,,,,,,,,,,,,,,,
CAT可见光试剂盒,南京建成,盒,,,,北202冰箱冷冻,1,,,,,,,,,,,,,,,,,,,,
BCA蛋白浓度试剂盒,索莱宝,盒,,,,北202冰箱冷冻,1,,,,,,,,,,,,,,,,,,,,
总蛋白定量试剂盒,南京建成,盒,,,,北202冰箱冷冻,3,,,,,,,,,,,,,,,,,,,,
过氧化氢含量检测试剂盒,索莱宝,盒,,,,北202冰箱冷冻,1,,,,,,,,,,,,,,,,,,,,
糖原PAS染色液,LEAGENE,盒,,,,北202冰箱冷冻,1,,,,,,,,,,,,,,,,,,,,
SOD试剂盒,南京建成,盒,,,,北202冰箱冷冻,1,,,,,,,,,,,,,,,,,,,,
猪胃粘膜胃蛋白酶,sigma,100g,,,,北202冰箱冷冻,1,,,,,,,,,,,,,,,,,,,,
猪胰脂肪酶,sigma,25g,,,,北202冰箱冷冻,1,,,,,,,,,,,,,,,,,,,,
大豆胰蛋白酶-胰凝乳蛋白酶抑制剂,sigma,10mg,,,,北202冰箱冷冻,1,,,,,,,,,,,,,,,,,,,,
三氟化硼-甲醇溶液,麦克林,100ml,,,,北202冰箱冷冻,2,,,,,,,,,,,,,,,,,,,,
异硫氰酸苯酯,RHAWN/麦克林,25ml,,,,北202冰箱冷冻,2,,,,,,,,,,,,,,,,,,,,
木瓜蛋白酶,索莱宝,100g,,,,北202冰箱冷冻,2,,,,,,,,,,,,,,,,,,,,
三氟乙酸,麦克林,500g,,,,北202冰箱冷冻,3,,,,,,,,,,,,,,,,,,,,
磷酸二氢钠,麦克林,500g,,,,北202冰箱冷冻,1,,,,,,,,,,,,,,,,,,,,
胞苷酸,上海源叶,20mg,,,,北202冰箱冷冻,1,,,,,,,,,,,,,,,,,,,,
肌苷酸二钠(IMP）,sigma,1g,,,,北202冰箱冷冻,2,,,,,,,,,,,,,,,,,,,,
HXR,sigma,1g,,,,北202冰箱冷冻,1,,,,,,,,,,,,,,,,,,,,
次黄嘌呤,sigma,1g,,,,北202冰箱冷冻,1,,,,,,,,,,,,,,,,,,,,
黄苷酸,上海源叶,20mg,,,,北202冰箱冷冻,1,,,,,,,,,,,,,,,,,,,,
腺苷酸,上海源叶,20mg,,,,北202冰箱冷冻,1,,,,,,,,,,,,,,,,,,,,
肌苷5-单磷酸盐水合物,sigma,,,,,北202冰箱冷冻,1,,,,,,,,,,,,,,,,,,,,
肌苷,上海安谱,10mg,2018年9月11日,,,北202冰箱冷冻,1,,,,,,,,,,,,,,,,,,,,
肌苷5-单磷酸,sigma,,,,,北202冰箱冷冻,1,,,,,,,,,,,,,,,,,,,,
肌苷,sigma,1g,2019/6/1,,,北202冰箱冷冻,1,,,,,,,,,,,,,,,,,,,,
ADP,sigma,250mg,2019/6/1,,,北202冰箱冷冻,1,,,,,,,,,,,,,,,,,,,,
ATP,sigma,1g,2019/6/1,,,北202冰箱冷冻,1,,,,,,,,,,,,,,,,,,,,
ADP盐,sigma,250mg,2019/6/1,,,北202冰箱冷冻,1,,,,,,,,,,,,,,,,,,,,
次黄嘌呤,sigma,1g,2019/6/1,,,北202冰箱冷冻,1,,,,,,,,,,,,,,,,,,,,
胆固醇标品,中国计量科学研究院,,,,,北202冰箱冷冻,3,,,,,,,,,,,,,,,,,,,,
次黄嘌呤,安谱,20mg,2018/12/29,,,北202冰箱冷冻,1,,,,,,,,,,,,,,,,,,,,
UMP,sigma,500mg,2019/6/1,,,北202冰箱冷冻,1,,,,,,,,,,,,,,,,,,,,
GMP,sigma,500mg,2019/9/1,,,北202冰箱冷冻,1,,,,,,,,,,,,,,,,,,,,
CMP,sigma,500mg,2019/6/1,,,北202冰箱冷冻,1,,,,,,,,,,,,,,,,,,,,
1，1，3，3-四乙氧基丙烷,麦克林,25ml,,,,北202冰箱冷冻,1,,,,,,,,,,,,,,,,,,,,
二甲基三庚酮,坛墨质检,250mg,,,,北202冰箱冷冻,1,,,,,,,,,,,,,,,,,,,,
蛋白羟基试剂盒,南京建成,盒,,,,北202冰箱冷冻,1,,,,,,,,,,,,,,,,,,,,
水溶性维生素E,索莱宝,100mg,,,,北202冰箱冷冻,1,,,,,,,,,,,,,,,,,,,,
维生素B1,sigma,1g,,,,北202冰箱冷冻,1,,,,,,,,,,,,,,,,,,,,
二十三烷酸甘油三酯,安谱,100mg,,,,北202冰箱冷冻,1,,,,,,,,,,,,,,,,,,,,
十三烷酸甘油三酯,安谱,100mg,,,,北202冰箱冷冻,1,,,,,,,,,,,,,,,,,,,,
3羟基酪氨酸,NJJCBIO,盒,,,,北202冰箱冷冻,1,,,,,,,,,,,,,,,,,,,,
蛋氨酸,安谱,200mg,,,,北202冰箱冷冻,2,,,,,,,,,,,,,,,,,,,,
亮氨酸,安谱,200mg,,,,北202冰箱冷冻,2,,,,,,,,,,,,,,,,,,,,
丙氨酸,安谱,200mg,,,,北202冰箱冷冻,2,,,,,,,,,,,,,,,,,,,,
脯氨酸,安谱,200mg,,,,北202冰箱冷冻,2,,,,,,,,,,,,,,,,,,,,
苯甲氨酸,安谱,200mg,,,,北202冰箱冷冻,2,,,,,,,,,,,,,,,,,,,,
赖氨酸,安谱,200mg,,,,北202冰箱冷冻,2,,,,,,,,,,,,,,,,,,,,
丝氨酸,安谱,200mg,,,,北202冰箱冷冻,2,,,,,,,,,,,,,,,,,,,,
酪氨酸,安谱,200mg,,,,北202冰箱冷冻,2,,,,,,,,,,,,,,,,,,,,
缬氨酸,安谱,200mg,,,,北202冰箱冷冻,2,,,,,,,,,,,,,,,,,,,,
苏氨酸,安谱,200mg,,,,北202冰箱冷冻,2,,,,,,,,,,,,,,,,,,,,
反式羟铺氨酸,安谱,20mg,,,,北202冰箱冷冻,1,,,,,,,,,,,,,,,,,,,,
苯酚,INNOCHEM,500g,,,,北202冰箱冷冻,1,,,,,,,,,,,,,,,,,,,,
高峰α淀粉酶,索莱宝,250g,,,,北202冰箱冷冻,1,,,,,,,,,,,,,,,,,,,,
硫酸亚铁,麦克林,500g,,,,北202冰箱冷冻,1,,,,,,,,,,,,,,,,,,,,
乙酸铵,麦克林,500g,,,,北202冰箱冷冻,1,,,,,,,,,,,,,,,,,,,,
盐酸硫铵,麦克林,100g,,,,北202冰箱冷冻,1,,,,,,,,,,,,,,,,,,,,
AKP试剂盒,南京建成,,,,,北202冰箱冷藏,2,,,,,,,,,,,,,,,,,,,,
ATP酶试剂盒,南京建成,,,,,北202冰箱冷藏,2,,,,,,,,,,,,,,,,,,,,
LD乳酸试剂盒,南京建成,,,,,北202冰箱冷藏,1,,,,,,,,,,,,,,,,,,,,
5`NT试剂盒,南京建成,,,,,北202冰箱冷藏,4,,,,,,,,,,,,,,,,,,,,
二氯甲烷,麦克林,4L,,,,北202冰箱冷藏,,,,,,,,,,,,,,,,,,,,,
钠元素,中国计量科学研究院,80ml(1mg/ml）,,,,北202冰箱冷藏,2,,,,,,,,,,,,,,,,,,,,
钙元素,中国计量科学研究院,,,,,北202冰箱冷藏,2,,,,,,,,,,,,,,,,,,,,
镁元素,中国计量科学研究院,,,,,北202冰箱冷藏,2,,,,,,,,,,,,,,,,,,,,
钼元素,中国计量科学研究院,,,,,北202冰箱冷藏,1,,,,,,,,,,,,,,,,,,,,
钾元素,中国计量科学研究院,,,,,北202冰箱冷藏,2,,,,,,,,,,,,,,,,,,,,
维生素E试剂盒,南京建成,,,,,北202冰箱冷藏,1,,,,,,,,,,,,,,,,,,,,
LOWRY蛋白浓度测定试剂盒,索莱宝,,,,,北202冰箱冷藏,1,,,,,,,,,,,,,,,,,,,,
考马斯亮蓝快速染色液,索莱宝,,,,,北202冰箱冷藏,2,,,,,,,,,,,,,,,,,,,,
D-核糖,麦克林,100g,,,,北202冰箱冷藏,1,,,,,,,,,,,,,,,,,,,,
丙酮醛,麦克林,50g,,,,北202冰箱冷藏,1,,,,,,,,,,,,,,,,,,,,
α淀粉酶,麦克林,100g,,,,北202冰箱冷藏,2,,,,,,,,,,,,,,,,,,,,
邻苯二胺,麦克林,100g,,,,北202冰箱冷藏,1,,,,,,,,,,,,,,,,,,,,
木瓜蛋白酶,麦克林,25g,,,,北202冰箱冷藏,1,,,,,,,,,,,,,,,,,,,,
二己烯三胺五己酸,麦克林,100g,,,,北202冰箱冷藏,1,,,,,,,,,,,,,,,,,,,,
氨基酸标品,,5ml,,,,北202冰箱冷藏,1,,,,,,,,,,,,,,,,,,,,
GC-IMS标品,海能,10ml,,,,北202冰箱冷藏,1,,,,,,,,,,,,,,,,,,,,
电子鼻标品,RESTEK,1ml,,,,北202冰箱冷藏,1,,,,,,,,,,,,,,,,,,,,
二硫苏糖醇,索莱宝,5g,,,,北202冰箱冷藏,1,,,,,,,,,,,,,,,,,,,,
4氯35二羟基三氟甲苯,TCI,10g,,,,北202冰箱冷藏,3,,,,,,,,,,,,,,,,,,,,
异硫氰酸苯酯,麦克林,25ml,,,,北202冰箱冷藏,2,,,,,,,,,,,,,,,,,,,,
两性电解液,上海源叶,12ml,,,,北202冰箱冷藏,1,,,,,,,,,,,,,,,,,,,,
聚丙烯酸,阿拉丁,25g,,,,北202冰箱冷藏,1,,,,,,,,,,,,,,,,,,,,
L-磺基丙氨酸,TCI,1g,,,,北202冰箱冷藏,1,,,,,,,,,,,,,,,,,,,,
N-甲基N-3甲基硅烷三氟乙酰胺,上海源叶,25ml,,,,北202冰箱冷藏,1,,,,,,,,,,,,,,,,,,,,
没食子酸,上海源叶,200mg,,,,北202冰箱冷藏,1,,,,,,,,,,,,,,,,,,,,
细胞色素C（分子量12500）,上海源叶,S12060-100mg,2025年4月,,,北202冰箱冷冻,1,,,,,,,,,,,,,,,,,,,,
抑肽酶（分子量6500）,上海源叶,S10089-250mg,2025年4月,,,北202冰箱冷藏,1,,,,,,,,,,,,,,,,,,,,
抑菌肽（分子量1450）,上海源叶,B65740-50mg,2025年4月,,,北202冰箱冷藏,1,,,,,,,,,,,,,,,,,,,,
乙氨酸-乙氨酸-酪氨酸-精氨酸（分子量451）,上海源叶,S25047-100mg,2025年4月,,,北202冰箱冷冻,1,,,,,,,,,,,,,,,,,,,,
乙氨酸-乙氨酸-乙氨酸（分子量189）,上海源叶,S31648-100mg,2025年4月,,,北202冰箱冷藏,1,,,,,,,,,,,,,,,,,,,,
Proclin 200,sigma,50mL,2025年5月,,804,北202冰箱冷藏,1,,,,,,,,,,,,,,,,,,,,
抽纸,维达,24包/箱,,,,仓库,3,,,,,,,,,,,,,,,,,,,,
卷纸,维达,27卷/箱,,,,仓库,4,,,,,,,,,,,,,,,,,,,,
MCL BUFFER PH-KIT,三菱化学,盒,,,,仓库,4,,,,,,,,,,,,,,,,,,,,
ninhydrin colorning solution kit for hitachi,wako,2L/瓶,,,,仓库,4,,,,,,,,,,,,,,,,,,,,
1.5ml无菌无酶离心管,,盒,,,,仓库,5,,,,,,,,,,,,,,,,,,,,
1ml注射器,,盒,,,,仓库,5,,,,,,,,,,,,,,,,,,,,
手套大中小,,箱,,,,仓库,6,,,,,,,,,,,,,,,,,,,,
无尘擦拭纸,,箱,,,,仓库,1,,,,,,,,,,,,,,,,,,,,
旋蒸瓶500mL（24/40）,蜀牛,500mL,2025年5月,,,北206玻璃容器柜,2,,,,,,,,,,,,,,,,,,,,
旋蒸瓶1000mL（24/40）,蜀牛,1000mL,2025年5月,,,北206玻璃容器柜,2,,,,,,,,,,,,,,,,,,,,
磁力搅拌转子（圆柱）,,4cm,2025年5月,,,北205柜子,6,,,,,,,,,,,,,,,,,,,,
磁力搅拌转子（圆柱）,,5cm,2025年5月,,,北205柜子,6,,,,,,,,,,,,,,,,,,,,
剪刀,,把,2025年5月,,,北205柜子,2,,,,,,,,,,,,,,,,,,,,
Sephadex G-15,思拓凡（Cytiva）,100mg,2025年4月,,,北205试剂柜,2,,,,,,,,,,,,,,,,,,,,
xk16/100层析柱,瑞达恒辉,个,2025年4月,,,北205,1,,,,,,,,,,,,,,,,,,,,
配套装柱器,瑞达恒辉,个,2025年4月,,,北205,1,,,,,,,,,,,,,,,,,,,,
无水乙醇（食品级）,YC-5L,5L,2025年4月,,,北205,2,,,,,,,,,,,,,,,,,,,,
氢氧化钠（烘培碱）,QYHN-1kg,食品级1kg,2025年4月,,,北207,1,,,,,,,,,,,,,,,,,,,,
L-异亮氨酸,YLAS-1kg,食品级1kg,2025年4月,,,北207,1,,,,,,,,,,,,,,,,,,,,
柠檬酸,NMS-1kg,食品级1kg,2025年4月,,,北207,1,,,,,,,,,,,,,,,,,,,,
蔗糖,ZT-500g,食品级500g,2025年4月,,,北207,2,,,,,,,,,,,,,,,,,,,,
单宁,SN-1kg,食品级1kg,2025年4月,,,北207,1,,,,,,,,,,,,,,,,,,,,
味精,WJ-1kg,食品级1kg,2025年4月,,,北207,1,,,,,,,,,,,,,,,,,,,,
氯化钠,LHN-1kg,食品级1kg,2025年4月,,,北207,1,,,,,,,,,,,,,,,,,,,,
多功能料理机（绞肉机）,小熊,3L,2025年4月,,,北207,1,,,,,,,,,,,,,,,,,,,,
棕色进样小瓶,,1箱,2025年4月,,,北206桌子下,50盒,,,,,,,,,,,,,,,,,,,,
布氏抽滤装置,国产,2.5L,2025年4月,,270,北205,1支,,,,,,,,,,,,,,,,,,,,
1-Hexanol,麦克林,H810867-5ml,2025年4月,,,北202,1瓶,,,,,,,,,,,,,,,,,,,,
"1-Hexanol,2-ethyl-",麦克林,E808631-5ml,2025年4月,,,北202,1瓶,,,,,,,,,,,,,,,,,,,,
1-Dec,麦克林,O815143-5ml,2025年4月,,,北202,1瓶,,,,,,,,,,,,,,,,,,,,
1-Octen-3-ol,麦克林,O815142-10ml,2025年4月,,,北202,1瓶,,,,,,,,,,,,,,,,,,,,
1-Pentanol,麦克林,P815990-25ml,2025年4月,,,北202,1瓶,,,,,,,,,,,,,,,,,,,,
"2,4-Decadienal,(E,E)-",麦克林,D807114-1ml,2025年4月,,,北202,1瓶,,,,,,,,,,,,,,,,,,,,
2-Acetylthiazole,麦克林,A801753-5g,2025年4月,,,北202,1瓶,,,,,,,,,,,,,,,,,,,,
"2-Decenal,(E)-",麦克林,D807897-5ml,2025年4月,,,北202,1瓶,,,,,,,,,,,,,,,,,,,,
"2-Nonenal,(E)-",麦克林,N838726-1ml,2025年4月,,,北202,1瓶,,,,,,,,,,,,,,,,,,,,
"2-Octenal,(E)-",麦克林,E815165-5ml,2025年4月,,,北202,1瓶,,,,,,,,,,,,,,,,,,,,
"2-Propanone,1-hydroxy-",麦克林,H811209-25g,2025年4月,,,北202,1瓶,,,,,,,,,,,,,,,,,,,,
5-Methyl-2-thiophenecarboxaldehyde,麦克林,M829863-5g,2025年4月,,,北202,1瓶,,,,,,,,,,,,,,,,,,,,
Acetoin,麦克林,A800759-25g,2025年4月,,,北202,1瓶,,,,,,,,,,,,,,,,,,,,
Benzaldehyde,麦克林,B802740-100ml,2025年4月,,,北202,1瓶,,,,,,,,,,,,,,,,,,,,
"Ethanone,1-(1H-pyrrol-2-yl)-",麦克林,A801129-5g,2025年4月,,,北202,1瓶,,,,,,,,,,,,,,,,,,,,
"Furan,2-pentyl-",麦克林,P815561-2g,2025年4月,,,北202,1瓶,,,,,,,,,,,,,,,,,,,,
Hexanal,麦克林,C805039-5ml,2025年4月,,,北202,1瓶,,,,,,,,,,,,,,,,,,,,
Hexanoicacid,麦克林,H810882-5ml,2025年4月,,,北202,1瓶,,,,,,,,,,,,,,,,,,,,
Isophorone,麦克林,I823281-5ml,2025年4月,,,北202,1瓶,,,,,,,,,,,,,,,,,,,,
Nonanal,麦克林,N814805-25ml,2025年4月,,,北202,1瓶,,,,,,,,,,,,,,,,,,,,
Nonanoicacid,麦克林,N814792-5ml,2025年4月,,,北202,1瓶,,,,,,,,,,,,,,,,,,,,
"Pyrazine,2,6-dimethyl-",麦克林,D822846-5g,2025年4月,,,北202,1瓶,,,,,,,,,,,,,,,,,,,,
"Pyrazine,methyl-",麦克林,M822845-5g,2025年4月,,,北202,1瓶,,,,,,,,,,,,,,,,,,,,
"4H-Pyran-4-one,2,3-dihydro-3,5-dihydroxy-6-methyl-",麦克林,D924269-5mg,2025年4月,,,北202,1瓶,,,,,,,,,,,,,,,,,,,,
Pyridine,麦克林,P816292-500ml,2025年4月,,,北202,1瓶,,,,,,,,,,,,,,,,,,,,
Octanal,麦克林,O815174-25ml,2025年4月,,,北202,1瓶,,,,,,,,,,,,,,,,,,,,
1-Heptanol,麦克林,H811071-100ml,2025年4月,,,北202,1瓶,,,,,,,,,,,,,,,,,,,,
"2-Octen-1-ol,(E)-",麦克林,O864062-5ml,2025年4月,,,北202,1瓶,,,,,,,,,,,,,,,,,,,,
"2,5-DIMETHYLPYRAZINE",麦克林,D806965-5ml,2025年4月,,,北202,1瓶,,,,,,,,,,,,,,,,,,,,
"2-ETHYL-3,5-DIMETHYLPYRAZINE",麦克林,E808763-5g,2025年4月,,,北202,1瓶,,,,,,,,,,,,,,,,,,,,
"2,3,5-Trimethylpyrazine",麦克林,T819073-10g,2025年4月,,,北202,1瓶,,,,,,,,,,,,,,,,,,,,
2-ETHYL-6-METHYLPYRAZINE,麦克林,E922950-10mg,2025年4月,,,北202,1瓶,,,,,,,,,,,,,,,,,,,,
"3-Ethyl-2,5-dimethylpyrazine",麦克林,E923756-50mg,2025年4月,,,北202,1瓶,,,,,,,,,,,,,,,,,,,,
,,,,,,,,,,,,,,,,,,,,,,,,,,,
